CkAggro	FCk_Fragment_AggroTarget_ParamsData	FCk_AggroTarget_Spec
CkAggro	FCk_Fragment_Aggro_ParamsData	FCk_Aggro_Spec
CkAnimation	FCk_Fragment_AnimAsset_ParamsData	FCk_AnimAsset_Spec
CkAnimation	FCk_Fragment_AnimPlan_ParamsData	FCk_AnimPlan_Spec
CkAnimation	FCk_Fragment_MontagePlayer_ParamsData	FCk_MontagePlayer_Spec
CkAnimation	FCk_Fragment_MultipleAnimAsset_ParamsData	FCk_MultipleAnimAsset_Spec
CkAnimation	FCk_Fragment_MultipleAnimPlan_ParamsData	FCk_MultipleAnimPlan_Spec
CkAttribute	FCk_Fragment_ByteAttributeModifier_ParamsData	FCk_ByteAttributeModifier_Spec
CkAttribute	FCk_Fragment_ByteAttribute_ParamsData	FCk_ByteAttribute_Spec
CkAttribute	FCk_Fragment_FloatAttributeModifier_ParamsData	FCk_FloatAttributeModifier_Spec
CkAttribute	FCk_Fragment_FloatAttributeRefill_ParamsData	FCk_FloatAttributeRefill_Spec
CkAttribute	FCk_Fragment_FloatAttribute_ParamsData	FCk_FloatAttribute_Spec
CkAttribute	FCk_Fragment_IntegerAttributeModifier_ParamsData	FCk_IntegerAttributeModifier_Spec
CkAttribute	FCk_Fragment_IntegerAttributeRefill_ParamsData	FCk_IntegerAttributeRefill_Spec
CkAttribute	FCk_Fragment_IntegerAttribute_ParamsData	FCk_IntegerAttribute_Spec
CkAttribute	FCk_Fragment_MultipleByteAttribute_ParamsData	FCk_MultipleByteAttribute_Spec
CkAttribute	FCk_Fragment_MultipleFloatAttribute_ParamsData	FCk_MultipleFloatAttribute_Spec
CkAttribute	FCk_Fragment_MultipleIntegerAttribute_ParamsData	FCk_MultipleIntegerAttribute_Spec
CkAttribute	FCk_Fragment_MultipleRotatorAttribute_ParamsData	FCk_MultipleRotatorAttribute_Spec
CkAttribute	FCk_Fragment_MultipleVectorAttribute_ParamsData	FCk_MultipleVectorAttribute_Spec
CkAttribute	FCk_Fragment_RotatorAttributeModifier_ParamsData	FCk_RotatorAttributeModifier_Spec
CkAttribute	FCk_Fragment_RotatorAttribute_ParamsData	FCk_RotatorAttribute_Spec
CkAttribute	FCk_Fragment_VectorAttributeModifier_ParamsData	FCk_VectorAttributeModifier_Spec
CkAttribute	FCk_Fragment_VectorAttribute_ParamsData	FCk_VectorAttribute_Spec
CkAudio	FCk_Fragment_AudioDirector_ParamsData	FCk_AudioDirector_Spec
CkAudio	FCk_Fragment_AudioTrack_ParamsData	FCk_AudioTrack_Spec
CkCamera	FCk_Fragment_CameraShake_ParamsData	FCk_CameraShake_Spec
CkCamera	FCk_Fragment_Camera_ParamsData	FCk_Camera_Spec
CkCamera	FCk_Fragment_MultipleCameraShake_ParamsData	FCk_MultipleCameraShake_Spec
CkChaos	FCk_Fragment_GeometryCollection_ParamsData	FCk_GeometryCollection_Spec
CkCompass	FCk_Fragment_Compass_ParamsData	FCk_Compass_Spec
CkCrowd	FCk_Fragment_CrowdAgent_ParamsData	FCk_CrowdAgent_Spec
CkDialog	FCk_Fragment_DialogEmitter_ParamsData	FCk_DialogEmitter_Spec
CkDialog	FCk_Fragment_DialogLine_ParamsData	FCk_DialogLine_Spec
CkEcs	FCk_EntityReplicationDriver_ConstructionInfo	FCk_EntityReplicationDriver_Spec
CkEcsExt	FCk_TransformInterpolation_ParamsData	FCk_TransformInterpolation_Spec
CkEcsExt	FCk_Transform_ParamsData	FCk_Transform_Spec
CkEntityCollection	FCk_Fragment_EntityCollection_ParamsData	FCk_EntityCollection_Spec
CkEntityCollection	FCk_Fragment_MultipleEntityCollection_ParamsData	FCk_MultipleEntityCollection_Spec
CkEntityTag	FCk_Fragment_EntityTag_ParamsData	FCk_EntityTag_Spec
CkFx	FCk_Fragment_MultipleSfx_ParamsData	FCk_MultipleSfx_Spec
CkFx	FCk_Fragment_MultipleVfx_ParamsData	FCk_MultipleVfx_Spec
CkFx	FCk_Fragment_Sfx_ParamsData	FCk_Sfx_Spec
CkFx	FCk_Fragment_Vfx_ParamsData	FCk_Vfx_Spec
CkGoap	FCk_Fragment_Goap_ActionParamsData	FCk_Goap_Action_Spec
CkGoap	FCk_Fragment_Goap_PlannerParamsData	FCk_Goap_Planner_Spec
CkGoap	FCk_Fragment_Goap_WorldState_ParamsData	FCk_Goap_WorldState_Spec
CkGraphics	FCk_Fragment_RenderStatus_ParamsData	FCk_RenderStatus_Spec
CkGrid	FCk_Fragment_2dGridBlocker_ParamsData	FCk_2dGridBlocker_Spec
CkGrid	FCk_Fragment_2dGridCell_ParamsData	FCk_2dGridCell_Spec
CkGrid	FCk_Fragment_2dGridObject_ParamsData	FCk_2dGridObject_Spec
CkGrid	FCk_Fragment_2dGridPlacement_ParamsData	FCk_2dGridPlacement_Spec
CkGrid	FCk_Fragment_2dGridSystem_ParamsData	FCk_2dGridSystem_Spec
CkInteraction	FCk_Fragment_InteractSource_ParamsData	FCk_InteractSource_Spec
CkInteraction	FCk_Fragment_InteractTarget_ParamsData	FCk_InteractTarget_Spec
CkInteraction	FCk_Fragment_Interaction_ParamsData	FCk_Interaction_Spec
CkInteraction	FCk_Fragment_MultipleInteractSource_ParamsData	FCk_MultipleInteractSource_Spec
CkInteraction	FCk_Fragment_MultipleInteractTarget_ParamsData	FCk_MultipleInteractTarget_Spec
CkInteraction	FCk_Fragment_MultipleInteraction_ParamsData	FCk_MultipleInteraction_Spec
CkInteraction	FCk_InteractionResolver_ParamsData	FCk_InteractionResolver_Spec
CkInventory	FCk_Fragment_Inventory_DataOnly_ParamsData	FCk_Inventory_DataOnly_Spec
CkInventory	FCk_Fragment_Inventory_ParamsData	FCk_Inventory_Spec
CkInventory	FCk_Fragment_Inventory_Spatial_ParamsData	FCk_Inventory_Spatial_Spec
CkInventory	FCk_Fragment_MultipleInventory_DataOnly_ParamsData	FCk_MultipleInventory_DataOnly_Spec
CkInventory	FCk_Fragment_MultipleInventory_Spatial_ParamsData	FCk_MultipleInventory_Spatial_Spec
CkIskmRenderer	FCk_Fragment_IskmProxy_ParamsData	FCk_IskmProxy_Spec
CkIsmRenderer	FCk_Fragment_IsmProxy_ParamsData	FCk_IsmProxy_Spec
CkJolt	FCk_Fragment_JoltBody_ParamsData	FCk_JoltBody_Spec
CkJolt	FCk_Fragment_JoltCharacter_ParamsData	FCk_JoltCharacter_Spec
CkJolt	FCk_Fragment_JoltConstraint_ParamsData	FCk_JoltConstraint_Spec
CkJolt	FCk_JoltRope_ParamsData	FCk_JoltRope_Spec
CkLagCompensation	FCk_Fragment_RewindHistory_ParamsData	FCk_RewindHistory_Spec
CkMinimap	FCk_Fragment_FogOfWar_ParamsData	FCk_FogOfWar_Spec
CkMinimap	FCk_Fragment_Minimap_ParamsData	FCk_Minimap_Spec
CkObjective	FCk_ObjectiveOwner_ParamsData	FCk_ObjectiveOwner_Spec
CkObjective	FCk_Objective_ParamsData	FCk_Objective_Spec
CkOverlapBody	FCk_Fragment_Marker_ParamsData	FCk_Marker_Spec
CkOverlapBody	FCk_Fragment_MultipleMarker_ParamsData	FCk_MultipleMarker_Spec
CkOverlapBody	FCk_Fragment_MultipleSensor_ParamsData	FCk_MultipleSensor_Spec
CkOverlapBody	FCk_Fragment_Sensor_ParamsData	FCk_Sensor_Spec
CkPathNetwork	FCk_Fragment_PathNetworkFollower_ParamsData	FCk_PathNetworkFollower_Spec
CkPathNetwork	FCk_Fragment_PathNetwork_ParamsData	FCk_PathNetwork_Spec
CkPhysics	FCk_Fragment_AccelerationModifier_ParamsData	FCk_AccelerationModifier_Spec
CkPhysics	FCk_Fragment_Acceleration_ParamsData	FCk_Acceleration_Spec
CkPhysics	FCk_Fragment_AutoReorient_ParamsData	FCk_AutoReorient_Spec
CkPhysics	FCk_Fragment_BulkAccelerationModifier_ParamsData	FCk_BulkAccelerationModifier_Spec
CkPhysics	FCk_Fragment_BulkVelocityModifier_ParamsData	FCk_BulkVelocityModifier_Spec
CkPhysics	FCk_Fragment_PredictedVelocity_ParamsData	FCk_PredictedVelocity_Spec
CkPhysics	FCk_Fragment_VelocityModifier_ParamsData	FCk_VelocityModifier_Spec
CkPhysics	FCk_Fragment_Velocity_MinMax_ParamsData	FCk_Velocity_MinMax_Spec
CkPhysics	FCk_Fragment_Velocity_ParamsData	FCk_Velocity_Spec
CkPmg	FCk_Fragment_Pmg_Donut_ParamsData	FCk_Pmg_Donut_Spec
CkPoi	FCk_Fragment_Poi_ParamsData	FCk_Poi_Spec
CkPoiDisplayDefinition	FCk_Fragment_PoiDisplayDefinition_ParamsData	FCk_PoiDisplayDefinition_Spec
CkProjectile	FCk_Fragment_BallisticMotion_ParamsData	FCk_BallisticMotion_Spec
CkProjectile	FCk_Fragment_Homing_ParamsData	FCk_Homing_Spec
CkProjectile	FCk_Fragment_Projectile_ParamsData	FCk_Projectile_Spec
CkRaySense	FCk_Fragment_RaySense_ParamsData	FCk_RaySense_Spec
CkRenderTarget	FCk_Fragment_RenderTarget_ParamsData	FCk_RenderTarget_Spec
CkResolver	FCk_Fragment_ResolverDataBundle_ParamsData	FCk_ResolverDataBundle_Spec
CkResolver	FCk_Fragment_ResolverSource_ParamsData	FCk_ResolverSource_Spec
CkResolver	FCk_Fragment_ResolverTarget_ParamsData	FCk_ResolverTarget_Spec
CkShapes	FCk_Fragment_ShapeBox_ParamsData	FCk_ShapeBox_Spec
CkShapes	FCk_Fragment_ShapeCapsule_ParamsData	FCk_ShapeCapsule_Spec
CkShapes	FCk_Fragment_ShapeCylinder_ParamsData	FCk_ShapeCylinder_Spec
CkShapes	FCk_Fragment_ShapeSphere_ParamsData	FCk_ShapeSphere_Spec
CkSpatialQuery	FCk_Fragment_Probe_ParamsData	FCk_Probe_Spec
CkSpline	FCk_Fragment_Spline_ParamsData	FCk_Spline_Spec
CkStateMachine	FCk_Fragment_StateMachine_ParamsData	FCk_StateMachine_Spec
CkSubstep	FCk_Substep_ParamsData	FCk_Substep_Spec
CkTween	FCk_Fragment_Tween_ParamsData	FCk_Tween_Spec
CkUI	FCk_Fragment_WorldSpaceWidget_ParamsData	FCk_WorldSpaceWidget_Spec
CkUnrealComponent	FCk_Fragment_UnrealComponent_ParamsData	FCk_UnrealComponent_Spec
CkVat	FCk_Fragment_VatProxy_ParamsData	FCk_VatProxy_Spec
CkVfx	FCk_Fragment_VfxCue_ParamsData	FCk_VfxCue_Spec
CkVisibleRange	FCk_Fragment_VisibleRange_ParamsData	FCk_VisibleRange_Spec
CkVoiceChat	FCk_Fragment_VoiceChannel_ParamsData	FCk_VoiceChannel_Spec
CkVoiceChat	FCk_Fragment_VoiceTalker_ParamsData	FCk_VoiceTalker_Spec
CkVoxelNav	FCk_Fragment_VoxelNavOccluder_ParamsData	FCk_VoxelNavOccluder_Spec
CkVoxelNav	FCk_Fragment_VoxelNavPath_ParamsData	FCk_VoxelNavPath_Spec
CkVoxelNav	FCk_Fragment_VoxelNavVolume_ParamsData	FCk_VoxelNavVolume_Spec
